mp_id_core,formula_core,band_gap_eV_core,cbm_vs_vacuum_eV_core,vbm_vs_vacuum_eV_core,mp_id_shell,formula_shell,band_gap_eV_shell,cbm_vs_vacuum_eV_shell,vbm_vs_vacuum_eV_shell,dEc_eV,dEv_eV,is_type1_shell_confines_core,confinement_score_eV
mp-1195873,KVOF3,2.7904,-1.1773758354219908,-3.967775835421991,mp-1205672,KTl2CrF6,3.5975,-0.8027572479007181,-4.400257247900718,0.37461858752127264,0.4324814124787264,True,0.807099999999999
mp-1112624,Cs2LiGdCl6,2.7824,-0.5424523710965212,-3.324852371096521,mp-1112132,Cs2RbBiBr6,3.5846,-0.1317527170192309,-3.716352717019231,0.4106996540772903,0.3915003459227102,True,0.8022000000000005
mp-582024,Cs3Cu2Cl5,2.7832,-0.4915390483063984,-3.2747390483063983,mp-1112132,Cs2RbBiBr6,3.5846,-0.1317527170192309,-3.716352717019231,0.35978633128716747,0.4416136687128329,True,0.8014000000000003
mp-1112942,Cs2PrAgI6,2.785,-0.4623892124626525,-3.247389212462653,mp-1112132,Cs2RbBiBr6,3.5846,-0.1317527170192309,-3.716352717019231,0.3306364954434216,0.4689635045565783,True,0.7995999999999999
mp-23487,KIO3,2.7868000000000004,-1.0594679202226227,-3.846267920222623,mp-560449,K3Ni2F7,3.5833000000000004,-0.5809479437636904,-4.164247943763691,0.4785199764589323,0.3179800235410677,True,0.7965
mp-1112624,Cs2LiGdCl6,2.7824,-0.5424523710965212,-3.324852371096521,mp-1112759,Cs2KInCl6,3.5784317090266127,-0.1866663657377101,-3.765098074764323,0.3557860053588111,0.4402457036678018,True,0.7960317090266129
mp-1213164,CsTlF4,2.8022,-1.2157514247495316,-4.017951424749532,mp-1205672,KTl2CrF6,3.5975,-0.8027572479007181,-4.400257247900718,0.41299417684881345,0.382305823151186,True,0.7952999999999995
mp-582024,Cs3Cu2Cl5,2.7832,-0.4915390483063984,-3.2747390483063983,mp-1112759,Cs2KInCl6,3.5784317090266127,-0.1866663657377101,-3.765098074764323,0.30487268256868827,0.4903590264579245,True,0.7952317090266128
mp-1206105,CaInI3,2.784509231480061,-0.626172084219808,-3.4106813156998688,mp-1112759,Cs2KInCl6,3.5784317090266127,-0.1866663657377101,-3.765098074764323,0.43950571848209785,0.354416759064454,True,0.7939224775465519
mp-1224276,K2VOF4,2.7902014194948133,-0.9598848854076952,-3.750086304902508,mp-560449,K3Ni2F7,3.5833000000000004,-0.5809479437636904,-4.164247943763691,0.3789369416440048,0.4141616388611826,True,0.7930985805051874
mp-1120726,Rb3Bi2I9,2.8069,-0.5839777934702264,-3.390877793470226,mp-1112132,Cs2RbBiBr6,3.5846,-0.1317527170192309,-3.716352717019231,0.45222507645099547,0.3254749235490051,True,0.7777000000000005
mp-556379,BaVOF4,2.7943,-1.3731324379547472,-4.167432437954747,mp-556890,BaNaCr2F9,3.5693,-0.9877059075702692,-4.55700590757027,0.38542653038447794,0.38957346961552286,True,0.7750000000000008
mp-1113067,Cs2ScInCl6,2.804305520872291,-0.6762684171670632,-3.4805739380393543,mp-1112000,Cs2ScTlCl6,3.579203867091389,-0.2693350758309689,-3.8485389429223584,0.4069333413360943,0.3679650048830041,True,0.7748983462190984
mp-2759442,Cs2HgBr4,2.8128,-0.5125534148344797,-3.32535341483448,mp-1112132,Cs2RbBiBr6,3.5846,-0.1317527170192309,-3.716352717019231,0.3808006978152488,0.3909993021847513,True,0.7718
mp-557610,K2MnF4,2.806,-0.8119093470278371,-3.617909347027837,mp-28680,KGaBr4,3.5771,-0.41324329698708,-3.990343296987081,0.3986660500407571,0.3724339499592437,True,0.7711000000000008
mp-676130,TlSnF3,2.8207,-1.4755684881690676,-4.296268488169067,mp-1208140,Tl3GeF7,3.588626062156561,-1.1328540309026194,-4.7214800930591805,0.3427144572664482,0.4252116048901131,True,0.7679260621565613
mp-1113924,Rb2TlSbF6,2.80706324840277,-1.0785696714875972,-3.885632919890368,mp-1209567,Rb2SbF5,3.5733999999999995,-0.681325347674572,-4.2547253476745714,0.3972443238130252,0.36909242778420337,True,0.7663367515972286
mp-1120726,Rb3Bi2I9,2.8069,-0.5839777934702264,-3.390877793470226,mp-1111727,Rb2LaAgCl6,3.573000730854086,-0.2801643248948831,-3.853165055748969,0.3038134685753433,0.46228726227874306,True,0.7661007308540864
mp-2759442,Cs2HgBr4,2.8128,-0.5125534148344797,-3.32535341483448,mp-1112759,Cs2KInCl6,3.5784317090266127,-0.1866663657377101,-3.765098074764323,0.3258870490967696,0.4397446599298429,True,0.7656317090266125
mp-1220707,NaZn2CdF7,2.8046,-1.3464680556595714,-4.151068055659572,mp-556890,BaNaCr2F9,3.5693,-0.9877059075702692,-4.55700590757027,0.3587621480893022,0.4059378519106982,True,0.7647000000000004
mp-555088,Nd4(SBr2)3,2.8096,-0.7332487292929497,-3.5428487292929494,mp-755336,NdIO,3.5729,-0.3985342468933568,-3.971434246893357,0.3347144823995929,0.4285855176004074,True,0.7633000000000003
mp-556379,BaVOF4,2.7943,-1.3731324379547472,-4.167432437954747,mp-541031,BaCrF5,3.5561000000000003,-1.0579218920996851,-4.614021892099686,0.31521054585506203,0.4465894541449389,True,0.7618000000000009
mp-1206105,CaInI3,2.784509231480061,-0.626172084219808,-3.4106813156998688,mp-989529,KRb2InCl6,3.5425000000000004,-0.2194160303774524,-3.761916030377453,0.4067560538423556,0.35123471467758405,True,0.7579907685199396
mp-23487,KIO3,2.7868000000000004,-1.0594679202226227,-3.846267920222623,mp-2762888,KIO3,3.5428000000000006,-0.6814679202226226,-4.224267920222623,0.3780000000000001,0.37799999999999967,True,0.7559999999999998
mp-22932,KInBr4,2.8234,-0.7839685596912707,-3.6073685596912703,mp-28680,KGaBr4,3.5771,-0.41324329698708,-3.990343296987081,0.37072526270419065,0.38297473729581055,True,0.7537000000000011
mp-556379,BaVOF4,2.7943,-1.3731324379547472,-4.167432437954747,mp-1193015,CsVOF4,3.5464,-0.9503123355286872,-4.496712335528688,0.42282010242605994,0.32927989757394105,True,0.752100000000001
mp-1113736,Rb2LiCoF6,2.8411,-0.9195316239366926,-3.7606316239366926,mp-849283,Li2FeF4,3.5932,-0.5899827881516673,-4.183182788151667,0.32954883578502536,0.4225511642149744,True,0.7520999999999998
mp-556379,BaVOF4,2.7943,-1.3731324379547472,-4.167432437954747,mp-30991,Ba(IO3)2,3.5436,-1.0239635424307312,-4.567563542430731,0.349168895524016,0.4001311044759843,True,0.7493000000000003
mp-989583,Rb2LiInCl6,2.8293,-0.6118174291924552,-3.441117429192455,mp-1112759,Cs2KInCl6,3.5784317090266127,-0.1866663657377101,-3.765098074764323,0.42515106345474507,0.3239806455718677,True,0.7491317090266127
mp-1112624,Cs2LiGdCl6,2.7824,-0.5424523710965212,-3.324852371096521,mp-1112789,Cs2KBiBr6,3.5292000000000003,-0.1594527170192308,-3.688652717019231,0.3829996540772904,0.36380034592270993,True,0.7468000000000004
mp-582024,Cs3Cu2Cl5,2.7832,-0.4915390483063984,-3.2747390483063983,mp-1112789,Cs2KBiBr6,3.5292000000000003,-0.1594527170192308,-3.688652717019231,0.3320863312871676,0.41391366871283264,True,0.7460000000000002
mp-676130,TlSnF3,2.8207,-1.4755684881690676,-4.296268488169067,mp-29866,SnCl4,3.565,-1.0896087518943338,-4.654608751894334,0.3859597362747338,0.3583402637252666,True,0.7443000000000004
mp-1112942,Cs2PrAgI6,2.785,-0.4623892124626525,-3.247389212462653,mp-1112789,Cs2KBiBr6,3.5292000000000003,-0.1594527170192308,-3.688652717019231,0.3029364954434217,0.44126350455657803,True,0.7441999999999998
mp-989583,Rb2LiInCl6,2.8293,-0.6118174291924552,-3.441117429192455,mp-1111727,Rb2LaAgCl6,3.573000730854086,-0.2801643248948831,-3.853165055748969,0.3316531042975721,0.41204762655651406,True,0.7437007308540862
mp-1113924,Rb2TlSbF6,2.80706324840277,-1.0785696714875972,-3.885632919890368,mp-569348,TlGaBr4,3.5506,-0.6910804671459321,-4.241680467145932,0.3874892043416651,0.3560475472555642,True,0.7435367515972293
mp-1111998,K2ScAgBr6,2.835901910286677,-0.6118218000301487,-3.4477237103168257,mp-1112000,Cs2ScTlCl6,3.579203867091389,-0.2693350758309689,-3.8485389429223584,0.34248672419917986,0.40081523260553276,True,0.7433019568047126
mp-1111998,K2ScAgBr6,2.835901910286677,-0.6118218000301487,-3.4477237103168257,mp-1112759,Cs2KInCl6,3.5784317090266127,-0.1866663657377101,-3.765098074764323,0.4251554342924386,0.3173743644474971,True,0.7425297987399357
mp-1113067,Cs2ScInCl6,2.804305520872291,-0.6762684171670632,-3.4805739380393543,mp-1228342,Ba2ScO3F,3.5461,-0.317536727083473,-3.863636727083473,0.3587316900835902,0.3830627890441187,True,0.7417944791277089
mp-998603,RbPbBr3,2.8211,-0.7722250517042355,-3.593325051704236,mp-27831,Rb2ZrCl6,3.5613,-0.3461837234099274,-3.907483723409928,0.4260413282943081,0.3141586717056919,True,0.7402
mp-555403,K3WF6,2.8445,-0.929359463606298,-3.773859463606298,mp-560449,K3Ni2F7,3.5833000000000004,-0.5809479437636904,-4.164247943763691,0.34841151984260754,0.3903884801573927,True,0.7388000000000002
mp-1113979,Rb2LiGdCl6,2.8472,-0.5245202119484889,-3.371720211948489,mp-1112132,Cs2RbBiBr6,3.5846,-0.1317527170192309,-3.716352717019231,0.39276749492925794,0.3446325050707424,True,0.7374000000000003
mp-1111998,K2ScAgBr6,2.835901910286677,-0.6118218000301487,-3.4477237103168257,mp-1111727,Rb2LaAgCl6,3.573000730854086,-0.2801643248948831,-3.853165055748969,0.33165747513526567,0.4054413454321435,True,0.7370988205674092
mp-27149,CsCrF4,2.8606,-1.1972112121878054,-4.057811212187805,mp-1205672,KTl2CrF6,3.5975,-0.8027572479007181,-4.400257247900718,0.39445396428708723,0.34244603571291243,True,0.7368999999999997
mp-27193,RbIO3,2.8369,-1.034417920222623,-3.871317920222623,mp-1209567,Rb2SbF5,3.5733999999999995,-0.681325347674572,-4.2547253476745714,0.35309257254805093,0.38340742745194856,True,0.7364999999999995
mp-1220707,NaZn2CdF7,2.8046,-1.3464680556595714,-4.151068055659572,mp-1188623,NaPb2IO6,3.5409999999999995,-0.9505887592199858,-4.491588759219985,0.39587929643958564,0.3405207035604132,True,0.7363999999999988
mp-1120726,Rb3Bi2I9,2.8069,-0.5839777934702264,-3.390877793470226,mp-989529,KRb2InCl6,3.5425000000000004,-0.2194160303774524,-3.761916030377453,0.364561763092774,0.3710382369072267,True,0.7356000000000007
mp-998603,RbPbBr3,2.8211,-0.7722250517042355,-3.593325051704236,mp-23390,RbCdCl3,3.5562,-0.3507857794254596,-3.90698577942546,0.4214392722787759,0.3136607277212238,True,0.7350999999999996
mp-556379,BaVOF4,2.7943,-1.3731324379547472,-4.167432437954747,mp-554451,BaFeF4,3.5261,-0.9610867019488912,-4.487186701948891,0.4120457360058559,0.3197542639941444,True,0.7318000000000003
mp-28569,NaInBr4,2.8149,-0.8347703982789165,-3.649670398278917,mp-1209271,RbInBr4,3.5439,-0.4237185596912707,-3.9676185596912714,0.4110518385876458,0.3179481614123545,True,0.7290000000000003
mp-22981,TlIO3,2.7816,-1.4198993664560626,-4.201499366456062,mp-29798,TlBrO3,3.5098000000000003,-1.1165179481316718,-4.626317948131672,0.3033814183243908,0.42481858167561004,True,0.7282000000000008
mp-754199,BaSrI4,2.8453,-0.4441882604486724,-3.2894882604486724,mp-756725,Ba2CaI6,3.5732,-0.0841155628119727,-3.6573155628119727,0.3600726976366997,0.3678273023633003,True,0.7279
mp-561350,AlBiSCl4,2.8305,-1.1999594015649762,-4.030459401564976,mp-699582,Na2AlFeF7,3.5553,-0.844605122641684,-4.399905122641684,0.3553542789232922,0.3694457210767075,True,0.7247999999999997
mp-1113451,Cs2ScAgBr6,2.8546035909975918,-0.5873967209252577,-3.442000311922849,mp-1112000,Cs2ScTlCl6,3.579203867091389,-0.2693350758309689,-3.8485389429223584,0.31806164509428886,0.4065386309995094,True,0.7246002760937982
mp-765761,Li3Co3OF7,2.8048,-1.0815058081573357,-3.886305808157336,mp-753329,Li3Ni3OF7,3.5293,-0.7276966609056001,-4.2569966609056,0.3538091472517355,0.37069085274826374,True,0.7244999999999993
mp-1113451,Cs2ScAgBr6,2.8546035909975918,-0.5873967209252577,-3.442000311922849,mp-1112759,Cs2KInCl6,3.5784317090266127,-0.1866663657377101,-3.765098074764323,0.4007303551875476,0.32309776284147373,True,0.7238281180290214
mp-28297,Nd3S2Br5,2.8500037987402784,-0.7379220632277952,-3.5879258619680736,mp-755336,NdIO,3.5729,-0.3985342468933568,-3.971434246893357,0.3393878163344384,0.38350838492528316,True,0.7228962012597215
mp-998603,RbPbBr3,2.8211,-0.7722250517042355,-3.593325051704236,mp-1209271,RbInBr4,3.5439,-0.4237185596912707,-3.9676185596912714,0.3485064920129648,0.3742935079870353,True,0.7228000000000001
mp-554245,BaPb2IF5,2.8346000000000005,-1.4435083230968255,-4.278108323096826,mp-541031,BaCrF5,3.5561000000000003,-1.0579218920996851,-4.614021892099686,0.3855864309971404,0.3359135690028596,True,0.7215
mp-1195873,KVOF3,2.7904,-1.1773758354219908,-3.967775835421991,mp-28774,KSnF3,3.5114,-0.7628108604954518,-4.274210860495452,0.414564974926539,0.30643502507346065,True,0.7209999999999996
mp-22932,KInBr4,2.8234,-0.7839685596912707,-3.6073685596912703,mp-1209271,RbInBr4,3.5439,-0.4237185596912707,-3.9676185596912714,0.36024999999999996,0.36025000000000107,True,0.720500000000001
mp-765761,Li3Co3OF7,2.8048,-1.0815058081573357,-3.886305808157336,mp-777355,LiMnF3,3.5243,-0.7280911079741084,-4.252391107974109,0.3534147001832273,0.3660852998167732,True,0.7195000000000005
mp-556399,LaTiI5O16,2.8573,-1.5606973207196015,-4.417997320719602,mp-566599,La(IO3)3,3.5765,-1.1813448291830733,-4.757844829183073,0.3793524915365283,0.3398475084634711,True,0.7191999999999994
mp-998603,RbPbBr3,2.8211,-0.7722250517042355,-3.593325051704236,mp-2047197,RbSnCl3,3.5396,-0.4231373995752778,-3.962737399575278,0.3490876521289577,0.3694123478710418,True,0.7184999999999995
mp-1113451,Cs2ScAgBr6,2.8546035909975918,-0.5873967209252577,-3.442000311922849,mp-1111727,Rb2LaAgCl6,3.573000730854086,-0.2801643248948831,-3.853165055748969,0.30723239603037467,0.4111647438261201,True,0.7183971398564948
mp-851109,Sr9La5Br33,2.8755999999999995,-0.7053113216884803,-3.58091132168848,mp-696944,LaHBr2,3.5935,-0.3491016628804513,-3.942601662880452,0.356209658808029,0.3616903411919723,True,0.7179000000000013
mp-1105273,CsBi2Br7,2.8535,-0.9761582071805563,-3.829658207180557,mp-553025,CaBiClO2,3.5702,-0.5897220214850636,-4.159922021485063,0.38643618569549276,0.33026381430450646,True,0.7166999999999992
mp-2759442,Cs2HgBr4,2.8128,-0.5125534148344797,-3.32535341483448,mp-1112789,Cs2KBiBr6,3.5292000000000003,-0.1594527170192308,-3.688652717019231,0.3531006978152489,0.36329930218475104,True,0.7163999999999999
mp-989583,Rb2LiInCl6,2.8293,-0.6118174291924552,-3.441117429192455,mp-989529,KRb2InCl6,3.5425000000000004,-0.2194160303774524,-3.761916030377453,0.3924013988150028,0.3207986011849977,True,0.7132000000000005
mp-754199,BaSrI4,2.8453,-0.4441882604486724,-3.2894882604486724,mp-771642,Sr2CaI6,3.5577999999999994,-0.1191345536780328,-3.676934553678033,0.3250537067706396,0.3874462932293605,True,0.7125000000000001
mp-1224276,K2VOF4,2.7902014194948133,-0.9598848854076952,-3.750086304902508,mp-1111658,K2LiTlF6,3.5027,-0.5541584735605745,-4.056858473560574,0.40572641184712077,0.3067721686580658,True,0.7124985805051866
mp-1206105,CaInI3,2.784509231480061,-0.626172084219808,-3.4106813156998688,mp-1112628,Cs2YInCl6,3.496012824389749,-0.307958275418287,-3.803971099808036,0.31821380880152095,0.39328978410816706,True,0.711503592909688
mp-556300,Fe3B7ClO13,2.8149000000000006,-1.3125650262022104,-4.127465026202211,mp-554451,BaFeF4,3.5261,-0.9610867019488912,-4.487186701948891,0.35147832425331915,0.35972167574668035,True,0.7111999999999995
mp-1105176,RbBi2Br7,2.8615,-0.9811308920626682,-3.842630892062668,mp-553025,CaBiClO2,3.5702,-0.5897220214850636,-4.159922021485063,0.39140887057760465,0.31729112942239546,True,0.7087000000000001
mp-581324,Ba2VI5O17,2.8495,-1.421511333782064,-4.271011333782064,mp-541031,BaCrF5,3.5561000000000003,-1.0579218920996851,-4.614021892099686,0.36358944168237883,0.34301055831762195,True,0.7066000000000008
mp-1111998,K2ScAgBr6,2.835901910286677,-0.6118218000301487,-3.4477237103168257,mp-989529,KRb2InCl6,3.5425000000000004,-0.2194160303774524,-3.761916030377453,0.39240576965269636,0.31419232006062714,True,0.7065980897133235
mp-1111726,Rb2ScAgBr6,2.8738024836850906,-0.5928715133309419,-3.4666739970160325,mp-1112000,Cs2ScTlCl6,3.579203867091389,-0.2693350758309689,-3.8485389429223584,0.323536437499973,0.3818649459063259,True,0.7054013834062989
mp-1111673,K2LiGdCl6,2.8732,-0.511520211948489,-3.3847202119484887,mp-1112759,Cs2KInCl6,3.5784317090266127,-0.1866663657377101,-3.765098074764323,0.32485384621077884,0.3803778628158341,True,0.7052317090266129
mp-997394,NbAgF6,2.8553,-1.8166571637258904,-4.6719571637258905,mp-29993,TaAgF6,3.556,-1.440239604402381,-4.996239604402382,0.3764175593235093,0.32428244067649103,True,0.7007000000000003
mp-28569,NaInBr4,2.8149,-0.8347703982789165,-3.649670398278917,mp-569635,Ba6Zn(InCl10)2,3.5151,-0.5275780396164296,-4.04267803961643,0.30719235866248695,0.39300764133751276,True,0.7001999999999997
mp-1220828,Nb4Pb3(O6F)2,2.7892,-1.4570482833528935,-4.246248283352894,mp-557103,B5Pb2ClO9,3.4890000000000003,-1.059252989790904,-4.548252989790904,0.3977952935619895,0.3020047064380105,True,0.6998
mp-1111726,Rb2ScAgBr6,2.8738024836850906,-0.5928715133309419,-3.4666739970160325,mp-1111727,Rb2LaAgCl6,3.573000730854086,-0.2801643248948831,-3.853165055748969,0.3127071884360588,0.38649105873293665,True,0.6991982471689955
mp-1113979,Rb2LiGdCl6,2.8472,-0.5245202119484889,-3.371720211948489,mp-989529,KRb2InCl6,3.5425000000000004,-0.2194160303774524,-3.761916030377453,0.30510418157103647,0.390195818428964,True,0.6953000000000005
mp-765761,Li3Co3OF7,2.8048,-1.0815058081573357,-3.886305808157336,mp-777444,Li3Fe2F7,3.4986,-0.7137893094178327,-4.212389309417833,0.36771649873950296,0.3260835012604968,True,0.6937999999999998
mp-628782,V3Pb5ClO12,2.7954,-1.4088814970204058,-4.204281497020405,mp-557103,B5Pb2ClO9,3.4890000000000003,-1.059252989790904,-4.548252989790904,0.3496285072295018,0.3439714927704989,True,0.6936000000000007
mp-980659,Tl3BiCl6,2.8585000000000003,-1.0436234448286217,-3.902123444828622,mp-569348,TlGaBr4,3.5506,-0.6910804671459321,-4.241680467145932,0.3525429776826896,0.33955702231731033,True,0.6920999999999999
mp-1113067,Cs2ScInCl6,2.804305520872291,-0.6762684171670632,-3.4805739380393543,mp-1112628,Cs2YInCl6,3.496012824389749,-0.307958275418287,-3.803971099808036,0.3683101417487762,0.3233971617686815,True,0.6917073035174577
mp-569814,TiBr4,2.7939,-1.2004420864096574,-3.994342086409657,mp-1215761,YbTi2O5F,3.4849,-0.8339432749357418,-4.318843274935741,0.3664988114739156,0.3245011885260842,True,0.6909999999999998
mp-35906,Y(AgCl2)3,2.8066,-1.0747805861228266,-3.8813805861228263,mp-1113614,Cs2AlAgF6,3.4974000000000003,-0.6986358948566094,-4.196035894856609,0.3761446912662172,0.3146553087337831,True,0.6908000000000003
mp-757198,Li2VOF5,2.8337000000000003,-1.1803931984847482,-4.0140931984847485,mp-774361,Li2Mn3F8,3.5244,-0.8184652785053363,-4.342865278505336,0.36192791997941187,0.32877208002058733,True,0.6906999999999992
mp-1113226,Cs2AgMoF6,2.7943,-1.1231739562662668,-3.9174739562662673,mp-1209465,Rb2Mo(OF2)2,3.4841,-0.7922554575097234,-4.276355457509723,0.33091849875654344,0.35888150124345586,True,0.6897999999999993
mp-568722,CdBr2,2.8528,-1.0291948218762612,-3.881994821876261,mp-1226730,CdH6(NCl)2,3.5424,-0.661790284683073,-4.204190284683072,0.3674045371931882,0.32219546280681133,True,0.6895999999999995
mp-676130,TlSnF3,2.8207,-1.4755684881690676,-4.296268488169067,mp-29798,TlBrO3,3.5098000000000003,-1.1165179481316718,-4.626317948131672,0.3590505400373958,0.3300494599626047,True,0.6891000000000005
mp-568722,CdBr2,2.8528,-1.0291948218762612,-3.881994821876261,mp-24356,CdH4NCl3,3.5397,-0.7289044719653472,-4.268604471965347,0.30029034991091397,0.38660965008908565,True,0.6868999999999996
mp-754494,BaLaBr5,2.9074,-0.7106135487025691,-3.618013548702569,mp-696944,LaHBr2,3.5935,-0.3491016628804513,-3.942601662880452,0.3615118858221178,0.324588114177883,True,0.6861000000000008
mp-998613,KGeCl3,2.893020835482666,-0.7575029868908998,-3.650523822373566,mp-28680,KGaBr4,3.5771,-0.41324329698708,-3.990343296987081,0.3442596899038198,0.339819474613515,True,0.6840791645173347
mp-676130,TlSnF3,2.8207,-1.4755684881690676,-4.296268488169067,mp-30146,CaSn2F6,3.4998000000000005,-1.166639359197505,-4.666439359197506,0.30892912897156255,0.3701708710284386,True,0.6791000000000011
mp-1112624,Cs2LiGdCl6,2.7824,-0.5424523710965212,-3.324852371096521,mp-1112376,Cs3AsBr6,3.4614,-0.2008626695021591,-3.662262669502159,0.3415897015943621,0.3374102984056382,True,0.6790000000000003
mp-541899,CsCdBr3,2.901,-0.5812851687452516,-3.482285168745252,mp-1112000,Cs2ScTlCl6,3.579203867091389,-0.2693350758309689,-3.8485389429223584,0.3119500929142827,0.36625377417710636,True,0.678203867091389
mp-778506,Li2VF5,2.8520000000000003,-1.0815920801728995,-3.9335920801729,mp-753329,Li3Ni3OF7,3.5293,-0.7276966609056001,-4.2569966609056,0.3538954192672994,0.32340458073269973,True,0.6772999999999991
mp-1219634,RbCrO3F,2.897,-1.0094896888074163,-3.906489688807417,mp-1209567,Rb2SbF5,3.5733999999999995,-0.681325347674572,-4.2547253476745714,0.3281643411328443,0.34823565886715446,True,0.6763999999999988
