name,entry_id,band_gap,delta_e,stability
Lu,1216058,0.0,0.0125899016666704,0.0125899016666704
Tm,1216098,0.0,0.00639353000000042,0.00639353000000042
Ne,4698,11.91,0.000137119999999998,0.000137119999999998
La,8130,0.0,0.131232160000001,0.131232160000001
Pr,8132,0.0,0.1260863925,0.1260863925
Kr,8203,7.487,0.002735225,0.002735225
V,7503,0.0,0.25849391,0.25849391
Rb,8533,0.0,0.000720370000000026,0.000720370000000026
Ta,7517,0.0,0.24225738,0.24225738
V,8082,0.0,0.0,0.0
Ne,8086,11.657,0.0,0.0
Al,8100,0.0,0.000788779999999711,0.000788779999999711
Ne,12054,13.5,0.20662014,0.20662014
K,8500,0.0,0.000309365000000117,0.000309365000000117
Rh,7514,0.0,0.0,0.0
Er,9566,0.0,0.141404150000001,0.141404150000001
Zr,9320,0.0,0.0796308700000008,0.07980277500000099
Ho,10106,0.0,0.14287140666667,0.14287140666667
Lu,8586,0.0,0.138943965,0.138943965
Tb,17350,0.0,0.14485669666667,0.14485669666667
Ne,12055,14.115,0.30914442,0.30914442
P,16720,0.0,0.13220847690476,0.13220847690476
Ru,7513,0.0,0.11075173,0.11075173
Ir,7521,0.0,0.0,0.0
Gd,17319,0.0,0.146083992499999,0.146083992499999
Fe,22514,0.0,0.000355089999999336,0.000355089999999336
Ni,22516,0.0,0.0907972999999993,0.09194080999999965
Fe,7505,0.0,0.161451849999999,0.161451849999999
Tc,7512,0.0,0.0685293750000007,0.0685293750000007
Re,7519,0.0,0.062048055,0.062048055
Pt,7522,0.0,0.0,0.0
YbSe,6321,2.083,-2.106159375,0.00016242500000052118
SiP,5810,0.0,0.106576353020031,0.3851241816666664
SmZn,18114,0.0,-0.32744836875,0.0
SiC,22472,0.0,0.53431968375,0.7432248316666671
U,8391,0.0,0.274825495,0.274825495
Zr,7509,0.0,0.0396869400000011,0.039858845000001294
Os,7520,0.0,0.13649345,0.13649345
ZnNi,17859,0.0,-0.26207291,0.0007012000000005125
TiAg,10676,0.0,0.0695339693568684,0.1698064525000004
ZnNi,17860,0.0,-0.249743215000001,0.013030894999999515
YbTe,6320,1.62,-1.67984976666667,1.3494999995256052e-05
TmAg,10678,0.0,-0.35077449375,0.0016281999999999686
UTe,17352,0.0,-0.439347684166665,0.1379879816666661
YAg,10681,0.0,-0.34309354125,0.0015580449999999524
LiBi,10937,0.0,-0.3874247075,0.00017543500000000156
TcB,21452,0.0,0.144658812499999,0.5295237167003392
LiTl,17610,0.0,-0.2332024625,8.75099999999851e-05
YbAg,10683,0.0,-0.42926611875,0.006614506250000041
PrTl,18891,0.0,-0.39904937625,0.0016434100000000118
LuMg,17612,0.0,-0.0441488020833347,0.0
MnAu,19149,0.0,-0.0137219018965506,0.07027844155172491
YbZn,17360,0.0,-0.337538885,0.0006964549999999847
SiC,4566,1.586,-0.20822938625,0.0006757616666669963
Yb,8134,0.0,0.00552396999999982,0.00552396999999982
Eu,8138,0.0,0.0,0.0
Sb,31044,0.0,0.0433076850000003,0.04332714916666717
Yb,8144,0.0,0.0,0.0
Sr,8520,0.0,0.00535496999999996,0.00535496999999996
Gd,3925,0.0,0.0112920525,0.0112920525
TaN,13761,0.0,-1.25385496767175,0.02790625999999996
ErIr,30000,0.0,-0.887233535,0.00022188000000100683
PrZn,18895,0.0,-0.31109255375,0.0
Tm,8143,0.0,0.00104636500000055,0.00104636500000055
CaSe,7648,2.167,-2.04362863,0.00017020499999986782
CaTe,7649,1.644,-1.66065640166666,5.2392500005327136e-05
Ti,8390,0.0,0.11433330666667,0.11433330666667
Sb,9214,0.0,0.315361825,0.31538128916666686
Ne,12056,14.15,0.32007529,0.32007529
Se,9277,0.0,0.1684431,0.1684431
Si,9287,0.0,0.536881804999999,0.536881804999999
CaPb,28966,0.0,-0.530551455,0.0
HPd,30508,0.0,-0.0662704860920869,0.03903956500000011
TiRh,31023,0.0,-0.767789021893133,0.014742577499999965
VRh,31025,0.0,-0.360045299999999,0.03174987000000101
CuAu,31283,0.0,-0.052771855,2.5469999999784554e-05
NaBi,10944,0.0,-0.366483062925824,0.0001283499999999993
ErMg,30004,0.0,-0.0665641795833349,6.875000000003406e-06
SiRh,8386,0.0,-0.539796512500001,0.28431601124999994
Si,18984,0.0,0.307862904999999,0.307862904999999
Li,13862,0.0,0.00102457,0.00102457
P,20540,0.0,0.132542896904759,0.132542896904759
P,20541,0.0,0.132542896904759,0.132542896904759
Na,8534,0.0,0.00305485000000005,0.00305485000000005
Fe,8568,0.0,0.0,0.0
Np,13705,0.0,0.44372416125,0.44372416125
Mg,8597,0.0,0.0288302008333299,0.0288302008333299
Li,17585,0.0,0.00337198999999999,0.00337198999999999
MnAu,19150,0.0,-0.0129459318965504,0.07105441155172511
VFe,30264,0.0,-0.124237709999999,0.032777015625000405
TaRu,31032,0.0,-0.28299528,0.07279751166666798
Ge,22272,0.0,0.343545185,0.343545185
Sb,18780,0.0,0.227598895,0.22761835916666687
Th,13650,0.0,0.14515263,0.14515263
Tm,9316,0.0,0.0317803000000003,0.0317803000000003
H,5499,0.0,1.18766227,1.18766227
H,5517,0.0,1.19774018,1.19774018
TcB,21449,0.0,-0.2825209725,0.10234393170034012
HoAs,8118,0.0,-1.52807439916667,3.3249999989992673e-05
TcB,21453,0.0,0.7188635225,1.10372842670034
HoSe,8122,0.0,-1.72190709166666,0.011145681250004813
TlSn,18131,0.0,0.0232570340743989,0.0380021374999997
LuPd,17621,0.0,-0.9718324175,0.0005692800000000053
YbRh,18903,0.0,-0.536498425,0.005161432500000007
YbRu,18904,0.0,0.302793785,0.3646894524999996
LuRh,17625,0.0,-1.0133319725,0.00045345999999968356
AgI,20443,0.182,0.0174154250358414,0.38847064666666664
LuRu,17627,0.0,-0.450736697499999,0.00013830999999997484
SrTl,18140,0.0,-0.4279577375,0.003409326249999789
Gd,8139,0.0,0.0170584924999995,0.0170584924999995
LuZn,17629,0.0,-0.3552263975,0.00051768499999999
NdMg,17630,0.0,-0.114858377083335,8.959999999999524e-05
Ho,8141,0.0,0.0029490916666699,0.0029490916666699
TiFe,19423,0.0,-0.449192511893131,0.0013548600000006794
ScN,22242,0.0,-0.988540790171752,1.032536239999998
NaH,6318,4.09,-0.246102806517912,0.0025515449999999884
Tb,17349,0.0,0.0122589566666695,0.0122589566666695
PrZn,18896,0.0,-0.31002471375,0.0010678399999999866
YbSn,18136,0.0,-0.720321378425601,3.414500000009646e-05
NbRh,30785,0.0,-0.410521275000001,0.0005884449999996599
VOs,19422,0.0,-0.226330055,0.040700208749999495
Er,8142,0.0,9.97100000006412e-05,9.97100000006412e-05
ScP,22243,0.0,-1.05654787697997,0.562526055
LiBi,28740,0.0,-0.3876001425,0.0
CdAu,10705,0.0,-0.17990844,0.00543921
TaTc,18145,0.0,-0.501043217499999,2.9919999999794555e-05
TiAl,27974,0.0,-0.435995316893132,0.0001479100000002509
Lu,8145,0.0,0.00138838000000074,0.00138838000000074
HfOs,17380,0.0,-0.7081181225,0.0006704699999990904
TbTl,18148,0.0,-0.0232279698333349,0.026587412583332522
NaBi,28744,0.0,-0.366611412925824,0.0
TiHg,30536,0.0,-0.00718432937626634,0.08672383548078448
ErPd,30025,0.0,-0.931355924999999,0.024414628750001
MgPd,17638,0.0,-0.744475069583335,0.002445649999999966
CsAu,10711,1.04,-0.32039294,0.007440914999999992
RbAu,10712,0.392,-0.27690996,0.01320482406250012
PrMg,17640,0.0,-0.119384248333335,9.375000000005906e-06
TbZn,18152,0.0,-0.0123909223333349,0.11828321743114713
TbZn,18153,0.0,-0.0120051123333353,0.11866902743114673
HfRh,17386,0.0,-0.862259727500001,0.05157265499999997
DyAu,10715,0.0,-0.864565018333335,0.022499612499999988
LuCd,29007,0.0,-0.3049486225,0.0012793550000000375
CaCd,10972,0.0,-0.37364138,0.0
Tb,9301,0.0,0.0135588466666698,0.0135588466666698
FePd,22248,0.0,-0.0657903050000002,0.013730704999999552
TiTc,18156,0.0,-0.526867634393131,0.00012348500000103346
HfRu,17389,0.0,-0.8124774125,0.000525254999999003
VTc,18157,0.0,-0.365395792499999,5.125500000102701e-05
TbSb,8156,0.0,-0.822246604833335,4.354166666653558e-05
MgRh,17646,0.0,-0.476044259583335,0.0004300850000006906
CeMg,20463,0.0,-0.122780003333335,6.427500000022457e-05
PmMg,20464,0.0,-0.111143110833335,0.00010101499999999597
YCu,20721,0.0,-0.2439484175,0.01608169875000029
ErAu,10720,0.0,-0.88506276,0.01344919500000008
HfTc,17392,0.0,-0.482266285,0.0004249700000009682
TiOs,17904,0.0,-0.735973226893133,0.0002991049999999662
EuMg,20465,0.0,-0.099095619583335,0.000153864999999892
GdMg,20466,0.0,-0.0927260883333352,0.0
SmMg,17650,0.0,-0.104368048333335,4.425499999999305e-05
ZrOs,17906,0.0,-0.527704249999999,0.0007385349999999846
ZnRh,18674,0.0,-0.389183295,0.0006179550000010026
ErMg,20467,0.0,-0.0665710545833349,0.0
U,22309,0.0,0.375489635000001,0.375489635000001
Ne,12059,14.181,0.32978189,0.32978189
Sn,9297,0.0,0.08276532,0.08276532
GeC,22473,1.772,0.43360699875,0.43360699875
HoSb,8119,0.0,-1.11663587416666,5.6720000004784055e-05
ZnO,20684,0.0,-0.932217242939378,0.717588334999999
ScC,22262,0.0,0.389169148750001,0.8410965344476705
ScCu,29784,0.0,-0.2764692475,0.0023663099999999826
ErRh,30040,0.0,-0.935677225,0.0002876350000000638
HoHg,17397,0.0,-0.451316224149799,0.0018053199999999991
YC,22264,0.0,0.56832462375,0.8894485483333343
Ne,12057,14.099,0.3042069,0.3042069
Ne,12058,14.132,0.31393182,0.31393182
Se,10325,0.0,0.17154387,0.17154387
Ho,10105,0.0,0.0194839866666703,0.0194839866666703
SnP,14014,0.0,-0.169100282905569,0.024972844649469916
HoTe,8123,0.0,-1.24384526333333,0.04286808125000019
HgSe,4543,0.176,-0.182984242483134,0.0
CuO,11469,0.0,-0.673435953782877,0.15888038999999898
LaCd,29003,0.0,-0.33306865,0.0
CuN,20469,0.0,0.893523122328247,0.893523122328247
H,5497,0.0,1.18768125,1.18768125
HgS,4523,0.179,-0.248713479489813,0.0002717399999997705
SnC,22475,0.950000000000001,0.765138412824399,0.765138412824399
ScP,17907,0.0,-1.61907393197997,0.0
CdPd,29018,0.0,-0.418948665,0.0021893499999999233
AgCl,10182,1.115,-0.617803421559561,0.025170781250000274
Sb,9672,0.0,0.0,1.9464166666871563e-05
DyAl,10445,0.0,-0.395507823333335,0.02122244624999997
PbS,14034,0.0,-0.429746182006678,0.25504796000000096
HgPd,30534,0.0,-0.142740452483134,8.392000000018163e-05
NdCd,29013,0.0,-0.3266697025,0.0009254925000002356
GdAs,8162,0.0,-1.54240514625,5.2750000000045816e-05
SnC,22476,0.0,1.2495949928244,1.2495949928244
ZnTe,17353,1.453,-0.469457256666665,0.003525983750000017
NiC,22221,0.0,1.10668469625,1.1072564512500003
HfPt,17383,0.0,-0.982982147500001,0.16891751250000053
TbAs,8155,0.0,-1.21159822983334,0.0
